索引,干支,朝代更,重大事件,|周,R,x,秦,楚,w,魏,n,燕,,,越,宋,,l,中山,渥
-475,3,,,周元王1,R平公6,x定公37,秦共公2,楚惠王14,,,,燕孝公18,哀公20,,,宋景公42,公26,l出公2,,
-474,4,,,周元王2,R平公7,x出公1,秦共公3,楚惠王15,,,,燕孝公19,哀公21,,,宋景公43,公27,l出公3,,
-473,5,,,周元王3,R平公8,x出公2,秦共公4,楚惠王16,,,,燕孝公20,哀公22,,,宋景公44,公28,l出公4,,
-472,6,,,周元王4,R平公9,x出公3,秦共公5,楚惠王17,,,,燕孝公21,哀公23,,,宋景公45,公29,l出公5,,
-471,7,,,周元王5,R平公10,x出公4,秦共公6,楚惠王18,,,,燕孝公22,哀公24,,,宋景公46,公30,l出公6,,
-470,8,,,周元王6,R平公11,x出公5,秦共公7,楚惠王19,,,,燕孝公23,哀公25,,,宋景公47,公31,l出公7,,
-469,9,,,周元王7,R平公12,x出公6,秦共公8,楚惠王20,,,,燕孝公24,哀公26,,,宋景公48,公32,l出公8,,
-468,10,,,周定王1,R平公13,x出公7,秦共公9,楚惠王21,,,,燕孝公25,哀公27,,,宋景公49,公33,l出公9,,
-467,11,,,周定王2,R平公14,x出公8,秦共公10,楚惠王22,,,,燕孝公26,悼公1,,,宋景公50,公34,l出公10,,
-466,12,,,周定王3,R平公15,x出公9,秦共公11,楚惠王23,,,,燕孝公27,悼公2,,,宋景公51,公35,l出公11,,
-465,13,,,周定王4,R平公16,x出公10,秦共公12,楚惠王24,,,,燕孝公28,悼公3,,,宋景公52,公36,l出公12,,
-464,14,,,周定王5,R平公17,x出公11,秦共公13,楚惠王25,,,,燕孝公29,悼公4,,,宋景公53,公37,l出公13,,
-463,15,,,周定王6,R平公18,x出公12,秦共公14,楚惠王26,,,,燕孝公30,悼公5,,,宋景公54,公38,l出公14,,
-462,16,,,周定王7,R平公19,x出公13,秦共公15,楚惠王27,,,,燕孝公31,悼公6,,,宋景公55,哀公1,l出公15,,
-461,17,,,周定王8,R平公20,x出公14,秦共公16,楚惠王28,,,,燕孝公32,悼公7,,,宋景公56,哀公2,l出公16,,
-460,18,,,周定王9,R平公21,x出公15,秦共公17,楚惠王29,,,,燕孝公33,悼公8,,,宋景公57,哀公3,l出公17,,
-459,19,,,周定王10,R平公22,x出公16,秦共公18,楚惠王30,,,,燕孝公34,悼公9,,,宋景公58,哀公4,l出公18,,
-458,20,,,周定王11,R平公23,x出公17,秦共公19,楚惠王31,,,,燕孝公35,悼公10,,,宋景公59,哀公5,l出公19,,
-457,21,,,周定王12,R平公24,x出公18,秦共公20,楚惠王32,,,,燕孝公36,悼公11,,,宋景公60,哀公6,l出公20,,
-456,22,,,周定王13,R平公25,x出公19,秦共公21,楚惠王33,,,,燕孝公37,悼公12,,,宋景公61,哀公7,l出公21,,
-455,23,,,周定王14,R宣公1,x出公20,秦共公22,楚惠王34,,,,燕孝公38,悼公13,,,宋景公62,哀公8,l悼公1,,
-454,24,,,周定王15,R宣公2,x出公21,秦共公23,楚惠王35,,,,燕成公1,悼公14,,,宋景公63,共公1,l悼公2,,
-453,25,,三家缰,周定王16,R宣公3,x出公22,秦共公24,楚惠王36,,,,燕成公2,悼公15,,,宋景公64,共公2,l悼公3,,
-452,26,,,周定王17,R宣公4,x出公23,秦共公25,楚惠王37,,,,燕成公3,悼公16,,,宋後昭公1,共公3,l悼公4,,
-451,27,,,周定王18,R宣公5,x哀公1,秦共公26,楚惠王38,,,,燕成公4,悼公17,,,宋後昭公2,共公4,l悼公5,,
-450,28,,,周定王19,R宣公6,x哀公2,秦共公27,楚惠王39,,,,燕成公5,悼公18,,,宋後昭公3,共公5,l敬公1,,
-449,29,,,周定王20,R宣公7,x哀公3,秦共公28,楚惠王40,,,,燕成公6,悼公19,,,宋後昭公4,共公6,l敬公2,,
-448,30,,,周定王21,R宣公8,x哀公4,秦共公29,楚惠王41,,,,燕成公7,悼公20,,,宋後昭公5,共公7,l敬公3,,
-447,31,,,周定王22,R宣公9,x哀公5,秦共公30,楚惠王42,,,,燕成公8,悼公21,,,宋後昭公6,共公8,l敬公4,,
-446,32,,,周定王23,R宣公10,x哀公6,秦共公31,楚惠王43,,,,燕成公9,悼公22,,,宋後昭公7,共公9,l敬公5,,
-445,33,,,周定王24,R宣公11,x哀公7,秦共公32,楚惠王44,,,,燕成公10,悼公23,,,宋後昭公8,共公10,l敬公6,,
-444,34,,,周定王25,R宣公12,x哀公8,秦共公33,楚惠王45,,,,燕成公11,悼公24,,,宋後昭公9,共公11,l敬公7,,
-443,35,,,周定王26,R宣公13,x哀公9,秦共公34,楚惠王46,,,,燕成公12,悼公25,,,宋後昭公10,共公12,l敬公8,,
-442,36,,,周定王27,R宣公14,x哀公10,秦躁公1,楚惠王47,,,,燕成公13,悼公26,,,宋後昭公11,共公13,l敬公9,,
-441,37,,,周定王28,R宣公15,x哀公11,秦躁公2,楚惠王48,,,,燕成公14,悼公27,,,宋後昭公12,共公14,l敬公10,,
-440,38,,,周考王1,R宣公16,x哀公12,秦躁公3,楚惠王49,,,,燕成公15,悼公28,,,宋後昭公13,共公15,l敬公11,,
-439,39,,,周考王2,R宣公17,x哀公13,秦躁公4,楚惠王50,,,,燕成公16,悼公29,,,宋後昭公14,共公16,l敬公12,,
-438,40,,,周考王3,R宣公18,x哀公14,秦躁公5,楚惠王51,,,,燕h公1,悼公30,,,宋後昭公15,共公17,l敬公13,,
-437,41,,,周考王4,R宣公19,x哀公15,秦躁公6,楚惠王52,,,,燕h公2,悼公31,,,宋後昭公16,共公18,l敬公14,,
-436,42,,,周考王5,R宣公20,x哀公16,秦躁公7,楚惠王53,,,,燕h公3,元公1,,,宋後昭公17,共公19,l敬公15,,
-435,43,,,周考王6,R宣公21,x哀公17,秦躁公8,楚惠王54,,,,燕h公4,元公2,,,宋後昭公18,共公20,l敬公16,,
-434,44,,,周考王7,R宣公22,x哀公18,秦躁公9,楚惠王55,,,,燕h公5,元公3,,,宋後昭公19,共公21,l敬公17,,
-433,45,,,周考王8,R宣公23,x幽公1,秦躁公10,楚惠王56,,,,燕h公6,元公4,,,宋後昭公20,共公22,l敬公18,,
-432,46,,,周考王9,R宣公24,x幽公2,秦躁公11,楚惠王57,,,,燕h公7,元公5,,,宋後昭公21,共公23,l敬公19,,
-431,47,,,周考王10,R宣公25,x幽公3,秦躁公12,楚王1,,,,燕h公8,元公6,,,宋後昭公22,共公24,l昭公1,,
-430,48,,,周考王11,R宣公26,x幽公4,秦躁公13,楚王2,,,,燕h公9,元公7,,,宋後昭公23,共公25,l昭公2,,
-429,49,,,周考王12,R宣公27,x幽公5,秦躁公14,楚王3,,,,燕h公10,元公8,,,宋後昭公24,共公26,l昭公3,,
-428,50,,,周考王13,R宣公28,x幽公6,秦压1,楚王4,,,,燕h公11,元公9,,,宋後昭公25,共公27,l昭公4,,
-427,51,,,周考王14,R宣公29,x幽公7,秦压2,楚王5,,,,燕h公12,元公10,,,宋後昭公26,共公28,l昭公5,,
-426,52,,,周考王15,R宣公30,x幽公8,秦压3,楚王6,,,,燕h公13,元公11,,,宋後昭公27,共公29,l昭公6,,
-425,53,,,周威烈王1,R宣公31,x幽公9,秦压4,楚王7,,,,燕h公14,元公12,,,宋後昭公28,共公30,l压1,,
-424,54,,,周威烈王2,R宣公32,x幽公10,秦`公1,楚王8,,,,燕h公15,元公13,,,宋後昭公29,共公31,l压2,,
-423,55,,,周威烈王3,R宣公33,x幽公11,秦`公2,楚王9,,,,燕h公16,元公14,,,宋後昭公30,幽公1,l压3,,
-422,56,,,周威烈王4,R宣公34,x幽公12,秦`公3,楚王10,,,,燕h公17,元公15,,,宋後昭公31,]公1,l压4,,
-421,57,,,周威烈王5,R宣公35,x幽公13,秦`公4,楚王11,,,,燕h公18,元公16,,,宋後昭公32,]公2,l压5,,
-420,58,,,周威烈王6,R宣公36,x幽公14,秦`公5,楚王12,,,,燕h公19,元公17,,,宋後昭公33,]公3,l压6,,
-419,59,,,周威烈王7,R宣公37,x幽公15,秦`公6,楚王13,,,,燕h公20,元公18,,,宋後昭公34,]公4,l压7,,
-418,60,,,周威烈王8,R宣公38,x幽公16,秦`公7,楚王14,,,,燕h公21,元公19,,,宋後昭公35,]公5,l压8,,
-417,1,,,周威烈王9,R宣公39,x幽公17,秦`公8,楚王15,,,,燕h公22,元公20,,,宋後昭公36,]公6,l压9,,
-416,2,,,周威烈王10,R宣公40,x烈公1,秦`公9,楚王16,,,,燕h公23,元公21,,,宋後昭公37,]公7,l压10,,
-415,3,,,周威烈王11,R宣公41,x烈公2,秦`公10,楚王17,,,,燕h公24,穆公1,,,宋後昭公38,]公8,l压11,,
-414,4,,,周威烈王12,R宣公42,x烈公3,秦公1,楚王18,,,,燕後公1,穆公2,,,宋後昭公39,]公9,l慎公1,,
-413,5,,,周威烈王13,R宣公43,x烈公4,秦公2,楚王19,,,,燕後公2,穆公3,,,宋後昭公40,]公10,l慎公2,,
-412,6,,,周威烈王14,R宣公44,x烈公5,秦公3,楚王20,,,,燕後公3,穆公4,,,宋後昭公41,]公11,l慎公3,,
-411,7,,,周威烈王15,R宣公45,x烈公6,秦公4,楚王21,,,,燕後公4,穆公5,,,宋後昭公42,]公12,l慎公4,,
-410,8,,,周威烈王16,R宣公46,x烈公7,秦公5,楚王22,,,,燕後公5,穆公6,,,宋後昭公43,]公13,l慎公5,,
-409,9,,,周威烈王17,R宣公47,x烈公8,秦公6,楚王23,,,,燕後公6,穆公7,,,宋後昭公44,]公14,l慎公6,,
-408,10,,,周威烈王18,R宣公48,x烈公9,秦公7,楚王24,,,,燕後公7,穆公8,,,宋後昭公45,]公15,l慎公7,,
-407,11,,,周威烈王19,R宣公49,x烈公10,秦公8,楚王1,,,,燕後公8,穆公9,,,宋後昭公46,]公16,l慎公8,,
-406,12,,,周威烈王20,R宣公50,x烈公11,秦公9,楚王2,,,,燕後公9,穆公10,,,宋後昭公47,]公17,l慎公9,,
-405,13,,,周威烈王21,R宣公51,x烈公12,秦公10,楚王3,,,,燕後公10,穆公11,,,宋後昭公48,]公18,l慎公10,,
-404,14,,,周威烈王22,R康公1,x烈公13,秦公11,楚王4,,,,燕後公11,穆公12,,,宋後昭公49,]公19,l慎公11,,
-403,15,,三家建,周威烈王23,R康公2,x烈公14,秦公12,楚王5,w烈侯6,魏文侯1,n景侯6,燕後公12,穆公13,,,宋悼公1,]公20,l慎公12,,通b起始年
-402,16,,,周威烈王24,R康公3,x烈公15,秦公13,楚王6,w烈侯7,魏文侯2,n景侯7,燕後公13,穆公14,,,宋悼公2,]公21,l慎公13,,
-401,17,,,周安王1,R康公4,x烈公16,秦公14,楚悼王1,w烈侯8,魏文侯3,n景侯8,燕後公14,穆公15,,,宋悼公3,]公22,l慎公14,,
-400,18,,,周安王2,R康公5,x烈公17,秦公15,楚悼王2,w烈侯9,魏文侯4,n景侯9,燕後公15,穆公16,,,宋悼公4,]公23,l慎公15,,
-399,19,,,周安王3,R康公6,x烈公18,秦惠公1,楚悼王3,w武公1,魏文侯5,n烈侯1,燕後公16,穆公17,,,宋悼公5,]公24,l慎公16,,
-398,20,,,周安王4,R康公7,x烈公19,秦惠公2,楚悼王4,w武公2,魏文侯6,n烈侯2,燕後公17,穆公18,,,宋悼公6,]公25,l慎公17,,
-397,21,,,周安王5,R康公8,x烈公20,秦惠公3,楚悼王5,w武公3,魏文侯7,n烈侯3,燕後公18,穆公19,,,宋悼公7,]公26,l慎公18,,
-396,22,,,周安王6,R康公9,x烈公21,秦惠公4,楚悼王6,w武公4,魏文侯8,n烈侯4,燕後公19,穆公20,,,宋悼公8,]公27,l慎公19,,
-395,23,,,周安王7,R康公10,x烈公22,秦惠公5,楚悼王7,w武公5,魏武侯1,n烈侯5,燕後公20,穆公21,,,宋休公1,康公1,l慎公20,,
-394,24,,,周安王8,R康公11,x烈公23,秦惠公6,楚悼王8,w武公6,魏武侯2,n烈侯6,燕後公21,穆公22,,,宋休公2,康公2,l慎公21,,
-393,25,,,周安王9,R康公12,x烈公24,秦惠公7,楚悼王9,w武公7,魏武侯3,n烈侯7,燕後公22,穆公23,,,宋休公3,康公3,l慎公22,,
-392,26,,,周安王10,R康公13,x烈公25,秦惠公8,楚悼王10,w武公8,魏武侯4,n烈侯8,燕後公23,穆公24,,,宋休公4,康公4,l慎公23,,
-391,27,,,周安王11,R康公14,x烈公26,秦惠公9,楚悼王11,w武公9,魏武侯5,n烈侯9,燕後公24,穆公25,,,宋休公5,康公5,l慎公24,,
-390,28,,,周安王12,R康公15,x烈公27,秦惠公10,楚悼王12,w武公10,魏武侯6,n烈侯10,燕後公25,穆公26,,,宋休公6,康公6,l慎公25,,
-389,29,,x之,周安王13,R康公16,x烈公28,秦惠公11,楚悼王13,w武公11,魏武侯7,n烈侯11,燕後公26,穆公27,,,宋休公7,康公7,l慎公26,,
-388,30,,,周安王14,R康公17,x孝公1,秦惠公12,楚悼王14,w武公12,魏武侯8,n烈侯12,燕後公27,穆公28,,,宋休公8,康公8,l慎公27,,
-387,31,,,周安王15,R康公18,x孝公2,秦惠公13,楚悼王15,w武公13,魏武侯9,n烈侯13,燕後公28,穆公29,,,宋休公9,康公9,l慎公28,,
-386,32,,田氏代R,周安王16,R康公19,x孝公3,秦出公1,楚悼王16,w敬侯1,魏武侯10,n文侯1,燕後公29,穆公30,,,宋休公10,康公10,l慎公29,,
-385,33,,,周安王17,R太公2,x孝公4,秦出公2,楚悼王17,w敬侯2,魏武侯11,n文侯2,燕後公30,穆公31,,,宋休公11,康公11,l慎公30,,
-384,34,,,周安王18,R太公3,x孝公5,秦I公1,楚悼王18,w敬侯3,魏武侯12,n文侯3,燕後公31,穆公32,,,宋休公12,康公12,l慎公31,,
-383,35,,,周安王19,RU公1,x孝公6,秦I公2,楚悼王19,w敬侯4,魏武侯13,n文侯4,燕後公32,穆公33,,,宋休公13,康公13,l慎公32,,
-382,36,,,周安王20,RU公2,x孝公7,秦I公3,楚悼王20,w敬侯5,魏武侯14,n文侯5,燕後公33,共公1,,,宋休公14,康公14,l慎公33,,
-381,37,,,周安王21,RU公3,x孝公8,秦I公4,楚悼王21,楚C王1,魏武侯15,n文侯6,燕後公34,共公2,,,宋休公15,康公15,l慎公34,,
-380,38,,,周安王22,RU公4,x孝公9,秦I公5,楚C王1,w敬侯7,魏武侯16,n文侯7,燕後公35,共公3,,,宋休公16,康公16,l慎公35,,
-379,39,,,周安王23,RU公5,x孝公10,秦I公6,楚C王2,w敬侯8,魏武侯17,n文侯8,燕後公36,共公4,,,宋休公17,康公17,l慎公36,,
-378,40,,,周安王24,RU公6,x孝公11,秦I公7,楚C王3,w敬侯9,魏武侯18,n文侯9,燕後公37,共公5,,,宋休公18,康公18,l慎公37,,
-377,41,,,周安王25,RU公7,x孝公12,秦I公8,楚C王4,w敬侯10,魏武侯19,n文侯10,燕後公38,共公6,,,宋休公19,康公19,l慎公38,,
-376,42,,三家分x,周安王26,RU公8,xo公2,秦I公9,楚C王5,w敬侯11,魏武侯20,n哀侯1,燕後公39,共公7,,,宋休公20,康公20,l慎公39,,
-375,43,,n玎,周烈王1,RU公9,,秦I公10,楚C王6,w敬侯12,魏武侯21,n哀侯2,燕後公40,共公8,,,宋休公21,康公21,l慎公40,,
-374,44,,,周烈王2,R桓公1,,秦I公11,楚C王7,w成侯1,魏武侯22,n哀侯3,燕後公41,共公9,,,宋休公22,,l慎公41,,
-373,45,,,周烈王3,R桓公2,,秦I公12,楚C王8,w成侯2,魏武侯23,n共侯2,燕後公42,共公10,,,宋休公23,,l慎公42,,
-372,46,,,周烈王4,R桓公3,,秦I公13,楚C王9,w成侯3,魏武侯24,n共侯3,燕桓公1,共公11,,,宋辟公1,,l慎公43,,
-371,47,,,周烈王5,R桓公4,,秦I公14,楚C王10,w成侯4,魏武侯25,n共侯4,燕桓公2,共公12,,,宋辟公2,,l公2,,
-370,48,,,周烈王6,R桓公5,,秦I公15,楚C王11,w成侯5,魏武侯26,n共侯5,燕桓公3,共公13,,,宋辟公3,,l公3,,
-369,49,,,周烈王7,R桓公6,,秦I公16,楚宣王1,w成侯6,魏惠王1,n共侯6,燕桓公4,共公14,,,宋剔成君1,,l公4,,
-368,50,,,周@王1,R桓公7,,秦I公17,楚宣王2,w成侯7,魏惠王2,n共侯7,燕桓公5,共公15,,,宋剔成君2,,l公5,,
-367,51,,,周@王2,R桓公8,,秦I公18,楚宣王3,w成侯8,魏惠王3,n共侯8,燕桓公6,共公16,,,宋剔成君3,,l公6,,
-366,52,,,周@王3,R桓公9,,秦I公19,楚宣王4,w成侯9,魏惠王4,n共侯9,燕桓公7,共公17,,,宋剔成君4,,l公7,,
-365,53,,,周@王4,R桓公10,,秦I公20,楚宣王5,w成侯10,魏惠王5,n共侯10,燕桓公8,共公18,,,宋剔成君5,,l公8,,
-364,54,,,周@王5,R桓公11,,秦I公21,楚宣王6,w成侯11,魏惠王6,n共侯11,燕桓公9,共公19,,,宋剔成君6,,l公9,,
-363,55,,,周@王6,R桓公12,,秦I公22,楚宣王7,w成侯12,魏惠王7,n共侯12,燕桓公10,共公20,,,宋剔成君7,,l公10,,
-362,56,,,周@王7,R桓公13,,秦I公23,楚宣王8,w成侯13,魏惠王8,n侯1,燕桓公11,共公21,,,宋剔成君8,,l公11,,
-361,57,,,周@王8,R桓公14,,秦孝公1,楚宣王9,w成侯14,魏惠王9,n侯2,燕文公1,共公22,,,宋剔成君9,,l成君1,,
-360,58,,,周@王9,R桓公15,,秦孝公2,楚宣王10,w成侯15,魏惠王10,n侯3,燕文公2,共公23,,,宋剔成君10,,l成君2,,
-359,59,,,周@王10,R桓公16,,秦孝公3,楚宣王11,w成侯16,魏惠王11,n侯4,燕文公3,共公24,,,宋剔成君11,,l成君3,,
-358,60,,,周@王11,R桓公17,,秦孝公4,楚宣王12,w成侯17,魏惠王12,n侯5,燕文公4,共公25,,,宋剔成君12,,l成君4,,
-357,1,,,周@王12,R桓公18,,秦孝公5,楚宣王13,w成侯18,魏惠王13,n侯6,燕文公5,共公26,,,宋剔成君13,,l成君5,,
-356,2,,,周@王13,R威王1,,秦孝公6,楚宣王14,w成侯19,魏惠王14,n侯7,燕文公6,共公27,,,宋剔成君14,,l成君6,,
-355,3,,,周@王14,R威王2,,秦孝公7,楚宣王15,w成侯20,魏惠王15,n侯8,燕文公7,共公28,,,宋剔成君15,,l成君7,,
-354,4,,,周@王15,R威王3,,秦孝公8,楚宣王16,w成侯21,魏惠王16,n侯9,燕文公8,共公29,,,宋剔成君16,,l成君8,,
-353,5,,,周@王16,R威王4,,秦孝公9,楚宣王17,w成侯22,魏惠王17,n侯10,燕文公9,共公30,,,宋剔成君17,,l成君9,,
-352,6,,,周@王17,R威王5,,秦孝公10,楚宣王18,w成侯23,魏惠王18,n侯11,燕文公10,康公1,,,宋剔成君18,,l成君10,,
-351,7,,,周@王18,R威王6,,秦孝公11,楚宣王19,w成侯24,魏惠王19,n侯12,燕文公11,康公2,,,宋剔成君19,,l成君11,,
-350,8,,,周@王19,R威王7,,秦孝公12,楚宣王20,w成侯25,魏惠王20,n侯13,燕文公12,康公3,,,宋剔成君20,,l成君12,,
-349,9,,,周@王20,R威王8,,秦孝公13,楚宣王21,wC侯1,魏惠王21,n侯14,燕文公13,康公4,,,宋剔成君21,,l成君13,,
-348,10,,,周@王21,R威王9,,秦孝公14,楚宣王22,wC侯2,魏惠王22,n侯15,燕文公14,康公5,,,宋剔成君22,,l成君14,,
-347,11,,,周@王22,R威王10,,秦孝公15,楚宣王23,wC侯3,魏惠王23,n侯16,燕文公15,康公6,,,宋剔成君23,,l成君15,,
-346,12,,,周@王23,R威王11,,秦孝公16,楚宣王24,wC侯4,魏惠王24,n侯17,燕文公16,康公7,,,宋剔成君24,,l成君16,,
-345,13,,,周@王24,R威王12,,秦孝公17,楚宣王25,wC侯5,魏惠王25,n侯18,燕文公17,康公8,,,宋剔成君25,,l成君17,,
-344,14,,,周@王25,R威王13,,秦孝公18,楚宣王26,wC侯6,魏惠王26,n侯19,燕文公18,康公9,,,宋剔成君26,,l成君18,,
-343,15,,,周@王26,R威王14,,秦孝公19,楚宣王27,wC侯7,魏惠王27,n侯20,燕文公19,景公1,,,宋剔成君27,,l成君19,,
-342,16,,,周@王27,R威王15,,秦孝公20,楚宣王28,wC侯8,魏惠王28,n侯21,燕文公20,景公2,,,宋剔成君28,,l成君20,,
-341,17,,,周@王28,R威王16,,秦孝公21,楚宣王29,wC侯9,魏惠王29,n侯22,燕文公21,景公3,,,宋剔成君29,,l成君21,,
-340,18,,,周@王29,R威王17,,秦孝公22,楚宣王30,wC侯10,魏惠王30,n侯23,燕文公22,景公4,,,宋剔成君30,,l成君22,,
-339,19,,,周@王30,R威王18,,秦孝公23,楚威王1,wC侯11,魏惠王31,n侯24,燕文公23,景公5,,,宋剔成君31,,l成君23,,
-338,20,,,周@王31,R威王19,,秦孝公24,楚威王2,wC侯12,魏惠王32,n侯25,燕文公24,景公6,,,宋剔成君32,,l成君24,,
-337,21,,,周@王32,R威王20,,秦惠文王1,楚威王3,wC侯13,魏惠王33,n侯26,燕文公25,景公7,,,宋剔成君33,,l成君25,,
-336,22,,,周@王33,R威王21,,秦惠文王2,楚威王4,wC侯14,魏惠王34,n侯27,燕文公26,景公8,,,宋剔成君34,,l成君26,,
-335,23,,,周@王34,R威王22,,秦惠文王3,楚威王5,wC侯15,魏惠王35,n侯28,燕文公27,景公9,,,宋剔成君35,,l成君27,,
-334,24,,,周@王35,R威王23,,秦惠文王4,楚威王6,wC侯16,魏惠王36,n侯29,燕文公28,景公10,,,宋剔成君36,,l成君28,,
-333,25,,,周@王36,R威王24,,秦惠文王5,楚威王7,wC侯17,魏惠王37,n侯30,燕文公29,景公11,,,宋剔成君37,,l成君29,,
-332,26,,,周@王37,R威王25,,秦惠文王6,楚威王8,wC侯18,魏惠王38,n威侯1,燕易王1,景公12,,,宋剔成君38,,l平君1,,
-331,27,,,周@王38,R威王26,,秦惠文王7,楚威王9,wC侯19,魏惠王39,n威侯2,燕易王2,景公13,,,宋剔成君39,,l平君2,,
-330,28,,,周@王39,R威王27,,秦惠文王8,楚威王10,wC侯20,魏惠王40,n威侯3,燕易王3,景公14,,,宋剔成君40,,l平君3,,
-329,29,,,周@王40,R威王28,,秦惠文王9,楚威王11,wC侯21,魏惠王41,n威侯4,燕易王4,景公15,,,宋剔成君41,,l平君4,,
-328,30,,,周@王41,R威王29,,秦惠文王10,楚淹1,wC侯22,魏惠王42,n威侯5,燕易王5,景公16,,,宋康王1,,l平君5,,
-327,31,,,周@王42,R威王30,,秦惠文王11,楚淹2,wC侯23,魏惠王43,n威侯6,燕易王6,景公17,,,宋康王2,,l平君6,,
-326,32,,,周@王43,R威王31,,秦惠文王12,楚淹3,wC侯24,魏惠王44,n威侯7,燕易王7,景公18,,,宋康王3,,l平君7,,
-325,33,,,周@王44,R威王32,,秦惠文王13,楚淹4,w武`王1,魏惠王45,n威侯8,燕易王8,景公19,,,宋康王4,,l平君8,,
-324,34,,,周@王45,R威王33,,秦惠文王14,楚淹5,w武`王2,魏惠王46,n威侯9,燕易王9,景公20,,,宋康王5,,l嗣君1,,
-323,35,,,周@王46,R威王34,,秦惠文王15,楚淹6,w武`王3,魏惠王47,n威侯10,燕易王10,景公21,,,宋康王6,,l嗣君2,,
-322,36,,,周@王47,R威王35,,秦惠文王16,楚淹7,w武`王4,魏惠王48,n威侯11,燕易王11,平公1,,,宋康王7,,l嗣君3,,
-321,37,,,周@王48,R威王36,,秦惠文王17,楚淹8,w武`王5,魏惠王49,n威侯12,燕易王12,平公2,,,宋康王8,,l嗣君4,,
-320,38,,,周慎n王1,R威王37,,秦惠文王18,楚淹9,w武`王6,魏惠王50,n威侯13,燕王1,平公3,,,宋康王9,,l嗣君5,,
-319,39,,,周慎n王2,R宣王1,,秦惠文王19,楚淹10,w武`王7,魏惠王51,n威侯14,燕王2,平公4,,,宋康王10,,l嗣君6,,
-318,40,,,周慎n王3,R宣王2,,秦惠文王20,楚淹11,w武`王8,魏襄王1,n威侯15,燕王3,平公5,,,宋康王11,,l嗣君7,,
-317,41,,,周慎n王4,R宣王3,,秦惠文王21,楚淹12,w武`王9,魏襄王2,n威侯16,燕王4,平公6,,,宋康王12,,l嗣君8,,
-316,42,,,周慎n王5,R宣王4,,秦惠文王22,楚淹13,w武`王10,魏襄王3,n威侯17,燕王5,平公7,,,宋康王13,,l嗣君9,,
-315,43,,,周慎n王6,R宣王5,,秦惠文王23,楚淹14,w武`王11,魏襄王4,n威侯18,燕王6,平公8,,,宋康王14,,l嗣君10,,
-314,44,,,周赧王1,R宣王6,,秦惠文王24,楚淹15,w武`王12,魏襄王5,n威侯19,燕王7,平公9,,,宋康王15,,l嗣君11,,
-313,45,,,周赧王2,R宣王7,,秦惠文王25,楚淹16,w武`王13,魏襄王6,n威侯20,燕王8,平公10,,,宋康王16,,l嗣君12,,
-312,46,,,周赧王3,R宣王8,,秦惠文王26,楚淹17,w武`王14,魏襄王7,n威侯21,燕王9,平公11,,,宋康王17,,l嗣君13,,
-311,47,,,周赧王4,R宣王9,,秦惠文王27,楚淹18,w武`王15,魏襄王8,n襄王1,燕昭王1,平公12,,,宋康王18,,l嗣君14,,
-310,48,,,周赧王5,R宣王10,,秦武王1,楚淹19,w武`王16,魏襄王9,n襄王2,燕昭王2,平公13,,,宋康王19,,l嗣君15,,
-309,49,,,周赧王6,R宣王11,,秦武王2,楚淹20,w武`王17,魏襄王10,n襄王3,燕昭王3,平公14,,,宋康王20,,l嗣君16,,
-308,50,,,周赧王7,R宣王12,,秦武王3,楚淹21,w武`王18,魏襄王11,n襄王4,燕昭王4,平公15,,,宋康王21,,l嗣君17,,
-307,51,,,周赧王8,R宣王13,,秦武王4,楚淹22,w武`王19,魏襄王12,n襄王5,燕昭王5,平公16,,,宋康王22,,l嗣君18,,
-306,52,,,周赧王9,R宣王14,,秦昭襄王1,楚淹23,w武`王20,魏襄王13,n襄王6,燕昭王6,平公17,,,宋康王23,,l嗣君19,,
-305,53,,,周赧王10,R宣王15,,秦昭襄王2,楚淹24,w武`王21,魏襄王14,n襄王7,燕昭王7,平公18,,,宋康王24,,l嗣君20,,
-304,54,,,周赧王11,R宣王16,,秦昭襄王3,楚淹25,w武`王22,魏襄王15,n襄王8,燕昭王8,平公19,,,宋康王25,,l嗣君21,,
-303,55,,,周赧王12,R宣王17,,秦昭襄王4,楚淹26,w武`王23,魏襄王16,n襄王9,燕昭王9,平公20,,,宋康王26,,l嗣君22,,
-302,56,,,周赧王13,R宣王18,,秦昭襄王5,楚淹27,w武`王24,魏襄王17,n襄王10,燕昭王10,公1,,,宋康王27,,l嗣君23,,
-301,57,,,周赧王14,R宣王19,,秦昭襄王6,楚淹28,w武`王25,魏襄王18,n襄王11,燕昭王11,公2,,,宋康王28,,l嗣君24,,
-300,58,,,周赧王15,Rh王1,,秦昭襄王7,楚淹29,w武`王26,魏襄王19,n襄王12,燕昭王12,公3,,,宋康王29,,l嗣君25,,
-299,59,,,周赧王16,Rh王2,,秦昭襄王8,楚淹30,w武`王27,魏襄王20,n襄王13,燕昭王13,公4,,,宋康王30,,l嗣君26,,
-298,60,,,周赧王17,Rh王3,,秦昭襄王9,楚襄王1,w武`王28,魏襄王21,n襄王14,燕昭王14,公5,,,宋康王31,,l嗣君27,,
-297,1,,,周赧王18,Rh王4,,秦昭襄王10,楚襄王2,w惠文王2,魏襄王22,n襄王15,燕昭王15,公6,,,宋康王32,,l嗣君28,,
-296,2,,,周赧王19,Rh王5,,秦昭襄王11,楚襄王3,w惠文王3,魏襄王23,n襄王16,燕昭王16,公7,,,宋康王33,,l嗣君29,,
-295,3,,,周赧王20,Rh王6,,秦昭襄王12,楚襄王4,w惠文王4,魏昭王1,n王1,燕昭王17,公8,,,宋康王34,,l嗣君30,,
-294,4,,,周赧王21,Rh王7,,秦昭襄王13,楚襄王5,w惠文王5,魏昭王2,n王2,燕昭王18,公9,,,宋康王35,,l嗣君31,,
-293,5,,,周赧王22,Rh王8,,秦昭襄王14,楚襄王6,w惠文王6,魏昭王3,n王3,燕昭王19,公10,,,宋康王36,,l嗣君32,,
-292,6,,,周赧王23,Rh王9,,秦昭襄王15,楚襄王7,w惠文王7,魏昭王4,n王4,燕昭王20,公11,,,宋康王37,,l嗣君33,,
-291,7,,,周赧王24,Rh王10,,秦昭襄王16,楚襄王8,w惠文王8,魏昭王5,n王5,燕昭王21,公12,,,宋康王38,,l嗣君34,,
-290,8,,,周赧王25,Rh王11,,秦昭襄王17,楚襄王9,w惠文王9,魏昭王6,n王6,燕昭王22,公13,,,宋康王39,,l嗣君35,,
-289,9,,,周赧王26,Rh王12,,秦昭襄王18,楚襄王10,w惠文王10,魏昭王7,n王7,燕昭王23,公14,,,宋康王40,,l嗣君36,,
-288,10,,,周赧王27,Rh王13,,秦昭襄王19,楚襄王11,w惠文王11,魏昭王8,n王8,燕昭王24,公15,,,宋康王41,,l嗣君37,,
-287,11,,,周赧王28,Rh王14,,秦昭襄王20,楚襄王12,w惠文王12,魏昭王9,n王9,燕昭王25,公16,,,宋康王42,,l嗣君38,,
-286,12,,,周赧王29,Rh王15,,秦昭襄王21,楚襄王13,w惠文王13,魏昭王10,n王10,燕昭王26,公17,,,宋康王43,,l嗣君39,,
-285,13,,,周赧王30,Rh王16,,秦昭襄王22,楚襄王14,w惠文王14,魏昭王11,n王11,燕昭王27,公18,,,,,l嗣君40,,
-284,14,,,周赧王31,Rh王17,,秦昭襄王23,楚襄王15,w惠文王15,魏昭王12,n王12,燕昭王28,公19,,,,,l嗣君41,,
-283,15,,,周赧王32,R襄王1,,秦昭襄王24,楚襄王16,w惠文王16,魏昭王13,n王13,燕昭王29,公20,,,,,l嗣君42,,
-282,16,,,周赧王33,R襄王2,,秦昭襄王25,楚襄王17,w惠文王17,魏昭王14,n王14,燕昭王30,公21,,,,,l丫1,,
-281,17,,,周赧王34,R襄王3,,秦昭襄王26,楚襄王18,w惠文王18,魏昭王15,n王15,燕昭王31,公22,,,,,l丫2,,
-280,18,,,周赧王35,R襄王4,,秦昭襄王27,楚襄王19,w惠文王19,魏昭王16,n王16,燕昭王32,公23,,,,,l丫3,,
-279,19,,,周赧王36,R襄王5,,秦昭襄王28,楚襄王20,w惠文王20,魏昭王17,n王17,燕昭王33,公1,,,,,l丫4,,
-278,20,,,周赧王37,R襄王6,,秦昭襄王29,楚襄王21,w惠文王21,魏昭王18,n王18,燕惠王1,公2,,,,,l丫5,,
-277,21,,,周赧王38,R襄王7,,秦昭襄王30,楚襄王22,w惠文王22,魏昭王19,n王19,燕惠王2,公3,,,,,l丫6,,
-276,22,,,周赧王39,R襄王8,,秦昭襄王31,楚襄王23,w惠文王23,魏安王1,n王20,燕惠王3,公4,,,,,l丫7,,
-275,23,,,周赧王40,R襄王9,,秦昭襄王32,楚襄王24,w惠文王24,魏安王2,n王21,燕惠王4,公5,,,,,l丫8,,
-274,24,,,周赧王41,R襄王10,,秦昭襄王33,楚襄王25,w惠文王25,魏安王3,n王22,燕惠王5,公6,,,,,l丫9,,
-273,25,,,周赧王42,R襄王11,,秦昭襄王34,楚襄王26,w惠文王26,魏安王4,n王23,燕惠王6,公7,,,,,l丫10,,
-272,26,,,周赧王43,R襄王12,,秦昭襄王35,楚襄王27,w惠文王27,魏安王5,n桓惠王1,燕惠王7,公8,,,,,l丫11,,
-271,27,,,周赧王44,R襄王13,,秦昭襄王36,楚襄王28,w惠文王28,魏安王6,n桓惠王2,燕武成王1,公9,,,,,l丫12,,
-270,28,,,周赧王45,R襄王14,,秦昭襄王37,楚襄王29,w惠文王29,魏安王7,n桓惠王3,燕武成王2,公10,,,,,l丫13,,
-269,29,,,周赧王46,R襄王15,,秦昭襄王38,楚襄王30,w惠文王30,魏安王8,n桓惠王4,燕武成王3,公11,,,,,l丫14,,
-268,30,,,周赧王47,R襄王16,,秦昭襄王39,楚襄王31,w惠文王31,魏安王9,n桓惠王5,燕武成王4,公12,,,,,l丫15,,
-267,31,,,周赧王48,R襄王17,,秦昭襄王40,楚襄王32,w惠文王32,魏安王10,n桓惠王6,燕武成王5,公13,,,,,l丫16,,
-266,32,,,周赧王49,R襄王18,,秦昭襄王41,楚襄王33,w惠文王33,魏安王11,n桓惠王7,燕武成王6,公14,,,,,l丫17,,
-265,33,,,周赧王50,R襄王19,,秦昭襄王42,楚襄王34,w孝成王1,魏安王12,n桓惠王8,燕武成王7,公15,,,,,l丫18,,
-264,34,,,周赧王51,RU王1,,秦昭襄王43,楚襄王35,w孝成王2,魏安王13,n桓惠王9,燕武成王8,公16,,,,,l丫19,,
-263,35,,,周赧王52,RU王2,,秦昭襄王44,楚襄王36,w孝成王3,魏安王14,n桓惠王10,燕武成王9,公17,,,,,l丫20,,
-262,36,,,周赧王53,RU王3,,秦昭襄王45,楚考烈王1,w孝成王4,魏安王15,n桓惠王11,燕武成王10,公18,,,,,l丫21,,
-261,37,,,周赧王54,RU王4,,秦昭襄王46,楚考烈王2,w孝成王5,魏安王16,n桓惠王12,燕武成王11,公19,,,,,l丫22,,
-260,38,,,周赧王55,RU王5,,秦昭襄王47,楚考烈王3,w孝成王6,魏安王17,n桓惠王13,燕武成王12,公20,,,,,l丫23,,
-259,39,,,周赧王56,RU王6,,秦昭襄王48,楚考烈王4,w孝成王7,魏安王18,n桓惠王14,燕武成王13,公21,,,,,l丫24,,
-258,40,,,周赧王57,RU王7,,秦昭襄王49,楚考烈王5,w孝成王8,魏安王19,n桓惠王15,燕武成王14,公22,,,,,l丫25,,
-257,41,,,周赧王58,RU王8,,秦昭襄王50,楚考烈王6,w孝成王9,魏安王20,n桓惠王16,燕孝王1,公23,,,,,l丫26,,
-256,42,,,周赧王59,RU王9,,秦昭襄王51,楚考烈王7,w孝成王10,魏安王21,n桓惠王17,燕孝王2,公24,,,,,l丫27,,
-255,43,,,,RU王10,,秦昭襄王52,楚考烈王8,w孝成王11,魏安王22,n桓惠王18,燕孝王3,公25,,,,,l丫28,,
-254,44,,,,RU王11,,秦昭襄王53,楚考烈王9,w孝成王12,魏安王23,n桓惠王19,燕王喜1,公26,,,,,l丫29,,
-253,45,,,,RU王12,,秦昭襄王54,楚考烈王10,w孝成王13,魏安王24,n桓惠王20,燕王喜2,公27,,,,,l丫30,,
-252,46,,,,RU王13,,秦昭襄王55,楚考烈王11,w孝成王14,魏安王25,n桓惠王21,燕王喜3,公28,,,,,l元君1,,
-251,47,,,,RU王14,,秦昭襄王56,楚考烈王12,w孝成王15,魏安王26,n桓惠王22,燕王喜4,公29,,,,,l元君2,,
-250,48,,,,RU王15,,秦孝文王1,楚考烈王13,w孝成王16,魏安王27,n桓惠王23,燕王喜5,公30,,,,,l元君3,,
-249,49,,,,RU王16,,秦f襄王1,楚考烈王14,w孝成王17,魏安王28,n桓惠王24,燕王喜6,公31,,,,,l元君4,,
-248,50,,,,RU王17,,秦f襄王2,楚考烈王15,w孝成王18,魏安王29,n桓惠王25,燕王喜7,,,,,,l元君5,,
-247,51,,,,RU王18,,秦f襄王3,楚考烈王16,w孝成王19,魏安王30,n桓惠王26,燕王喜8,,,,,,l元君6,,
-246,52,,,,RU王19,,秦始皇1,楚考烈王17,w孝成王20,魏安王31,n桓惠王27,燕王喜9,,,,,,l元君7,,
-245,53,,,,RU王20,,秦始皇2,楚考烈王18,w孝成王21,魏安王32,n桓惠王28,燕王喜10,,,,,,l元君8,,
-244,54,,,,RU王21,,秦始皇3,楚考烈王19,w悼襄王1,魏安王33,n桓惠王29,燕王喜11,,,,,,l元君9,,
-243,55,,,,RU王22,,秦始皇4,楚考烈王20,w悼襄王2,魏安王34,n桓惠王30,燕王喜12,,,,,,l元君10,,
-242,56,,,,RU王23,,秦始皇5,楚考烈王21,w悼襄王3,魏景⊥1,n桓惠王31,燕王喜13,,,,,,l元君11,,
-241,57,,,,RU王24,,秦始皇6,楚考烈王22,w悼襄王4,魏景⊥2,n桓惠王32,燕王喜14,,,,,,l元君12,,
-240,58,,,,RU王25,,秦始皇7,楚考烈王23,w悼襄王5,魏景⊥3,n桓惠王33,燕王喜15,,,,,,l元君13,,
-239,59,,,,RU王26,,秦始皇8,楚考烈王24,w悼襄王6,魏景⊥4,n桓惠王34,燕王喜16,,,,,,l元君14,,
-238,60,,,,RU王27,,秦始皇9,楚考烈王25,w悼襄王7,魏景⊥5,nU王1,燕王喜17,,,,,,l元君15,,
-237,1,,,,RU王28,,秦始皇10,楚幽王1,w悼襄王8,魏景⊥6,nU王2,燕王喜18,,,,,,l元君16,,
-236,2,,,,RU王29,,秦始皇11,楚幽王2,w悼襄王9,魏景⊥7,nU王3,燕王喜19,,,,,,l元君17,,
-235,3,,,,RU王30,,秦始皇12,楚幽王3,w幽王1,魏景⊥8,nU王4,燕王喜20,,,,,,l元君18,,
-234,4,,,,RU王31,,秦始皇13,楚幽王4,w幽王2,魏景⊥9,nU王5,燕王喜21,,,,,,l元君19,,
-233,5,,,,RU王32,,秦始皇14,楚幽王5,w幽王3,魏景⊥10,nU王6,燕王喜22,,,,,,l元君20,,
-232,6,,,,RU王33,,秦始皇15,楚幽王6,w幽王4,魏景⊥11,nU王7,燕王喜23,,,,,,l元君21,,
-231,7,,,,RU王34,,秦始皇16,楚幽王7,w幽王5,魏景⊥12,nU王8,燕王喜24,,,,,,l元君22,,
-230,8,,秦珥n,,RU王35,,秦始皇17,楚幽王8,w幽王6,魏景⊥13,nU王9,燕王喜25,,,,,,l元君23,,
-229,9,,,,RU王36,,秦始皇18,楚幽王9,w幽王7,魏景⊥14,,燕王喜26,,,,,,l君角1,,
-228,10,,,,RU王37,,秦始皇19,楚幽王10,w幽王8,魏景⊥15,,燕王喜27,,,,,,l君角2,,
-227,11,,,,RU王38,,秦始皇20,楚王c1,代王嘉1,魏王假1,,燕王喜28,,,,,,l君角3,,
-226,12,,,,RU王39,,秦始皇21,楚王c2,代王嘉2,魏王假2,,燕王喜29,,,,,,l君角4,,
-225,13,,秦缥,,RU王40,,秦始皇22,楚王c3,代王嘉3,魏王假3,,燕王喜30,,,,,,l君角5,,
-224,14,,,,RU王41,,秦始皇23,楚王c4,代王嘉4,,,燕王喜31,,,,,,l君角6,,
-223,15,,秦绯,,RU王42,,秦始皇24,楚王c5,代王嘉5,,,燕王喜32,,,,,,l君角7,,
-222,16,,秦缪|秦缵w,,RU王43,,秦始皇25,,代王嘉6,,,燕王喜33,,,,,,l君角8,,
-221,17,秦朝,秦琮R,,RU王44,,秦始皇26,,,,,,,,,,,l君角9,,
-220,,,,,,,,,,,,,,,,,,l君角10,,
-219,,,,,,,,,,,,,,,,,,l君角11,,
-218,,,,,,,,,,,,,,,,,,l君角12,,
-217,,,,,,,,,,,,,,,,,,l君角13,,
-216,,,,,,,,,,,,,,,,,,l君角14,,
-215,,,,,,,,,,,,,,,,,,l君角15,,
-214,,,,,,,,,,,,,,,,,,l君角16,,
-213,,,,,,,,,,,,,,,,,,l君角17,,
-212,,,,,,,,,,,,,,,,,,l君角18,,
-211,,,,,,,,,,,,,,,,,,l君角19,,
-210,,,,,,,,,,,,,,,,,,l君角20,,
-209,,,,,,,,,,,,,,,,,,l君角21,,
